{
  "project_info": {
    "project_number": "44456643407",
    "project_id": "maproject-22217",
    "storage_bucket": "maproject-22217.appspot.com"
  },
  "client": [
    {
      "client_info": {
        "mobilesdk_app_id": "1:44456643407:android:49f3dc2e0cf1ec479c933a",
        "android_client_info": {
          "package_name": "com.fyp.maproject"
        }
      },
      "oauth_client": [
        {
          "client_id": "44456643407-fqu841pi2hm1rj7viqla10bhoarevlsr.apps.googleusercontent.com",
          "client_type": 3
        }
      ],
      "api_key": [
        {
          "current_key": "AIzaSyButiY-XRxV1L0xn5a8XSD00Y7Xu9VzXYw"
        }
      ],
      "services": {
        "appinvite_service": {
          "other_platform_oauth_client": [
            {
              "client_id": "44456643407-fqu841pi2hm1rj7viqla10bhoarevlsr.apps.googleusercontent.com",
              "client_type": 3
            }
          ]
        }
      }
    }
  ],
  "configuration_version": "1"
}